Set	ID
Evaluation set	MGYS00003602
Evaluation set	MGYS00003603
Evaluation set	MGYS00003611
Evaluation set	MGYS00003613
Evaluation set	MGYS00003614
Evaluation set	MGYS00003616
Evaluation set	MGYS00003630
Evaluation set	MGYS00003631
Evaluation set	MGYS00003632
Evaluation set	MGYS00003633
Evaluation set	MGYS00003635
Evaluation set	MGYS00003636
Evaluation set	MGYS00003638
Evaluation set	MGYS00003639
Evaluation set	MGYS00003640
Evaluation set	MGYS00003641
Evaluation set	MGYS00003642
Evaluation set	MGYS00003654
Evaluation set	MGYS00003655
Evaluation set	MGYS00003656
Evaluation set	MGYS00003687
Evaluation set	MGYS00003699
Evaluation set	MGYS00003718
Evaluation set	MGYS00003721
Evaluation set	MGYS00003725
Evaluation set	MGYS00003726
Evaluation set	MGYS00003750
Evaluation set	MGYS00003773
Evaluation set	MGYS00003783
Evaluation set	MGYS00003806
Evaluation set	MGYS00003809
Evaluation set	MGYS00003810
Evaluation set	MGYS00003814
Evaluation set	MGYS00003852
Evaluation set	MGYS00003855
Evaluation set	MGYS00003863
Evaluation set	MGYS00003864
Evaluation set	MGYS00003866
Evaluation set	MGYS00003867
Evaluation set	MGYS00003869
Evaluation set	MGYS00003914
Evaluation set	MGYS00003941
Evaluation set	MGYS00003946
Evaluation set	MGYS00003961
Evaluation set	MGYS00003984
Evaluation set	MGYS00003985
Evaluation set	MGYS00003988
Evaluation set	MGYS00003989
Evaluation set	MGYS00003990
Evaluation set	MGYS00003993
Evaluation set	MGYS00003994
Evaluation set	MGYS00003996
Evaluation set	MGYS00003997
Evaluation set	MGYS00003998
Evaluation set	MGYS00003999
Evaluation set	MGYS00004002
Evaluation set	MGYS00004004
Evaluation set	MGYS00004006
Evaluation set	MGYS00004010
Evaluation set	MGYS00004011
Evaluation set	MGYS00004012
Evaluation set	MGYS00004013
Evaluation set	MGYS00004014
Evaluation set	MGYS00004015
Evaluation set	MGYS00004016
Evaluation set	MGYS00004018
Evaluation set	MGYS00004019
Evaluation set	MGYS00004022
Evaluation set	MGYS00004023
Evaluation set	MGYS00004024
Evaluation set	MGYS00004025
Evaluation set	MGYS00004029
Evaluation set	MGYS00004031
Evaluation set	MGYS00004032
Evaluation set	MGYS00004035
Evaluation set	MGYS00004036
Evaluation set	MGYS00004037
Evaluation set	MGYS00004038
Evaluation set	MGYS00004040
Evaluation set	MGYS00004042
Evaluation set	MGYS00004043
Evaluation set	MGYS00004044
Evaluation set	MGYS00004045
Evaluation set	MGYS00004046
Evaluation set	MGYS00004047
Evaluation set	MGYS00004051
Evaluation set	MGYS00004052
Evaluation set	MGYS00004053
Evaluation set	MGYS00004055
Evaluation set	MGYS00004057
Evaluation set	MGYS00004059
Evaluation set	MGYS00004061
Evaluation set	MGYS00004064
Evaluation set	MGYS00004065
Evaluation set	MGYS00004067
Evaluation set	MGYS00004069
Evaluation set	MGYS00004070
Evaluation set	MGYS00004071
Evaluation set	MGYS00004073
Evaluation set	MGYS00004074
Evaluation set	MGYS00004076
Evaluation set	MGYS00004077
Evaluation set	MGYS00004078
Evaluation set	MGYS00004081
Evaluation set	MGYS00004084
Evaluation set	MGYS00004086
Evaluation set	MGYS00004087
Evaluation set	MGYS00004090
Evaluation set	MGYS00004091
Evaluation set	MGYS00004093
Evaluation set	MGYS00004095
Evaluation set	MGYS00004096
Evaluation set	MGYS00004099
Evaluation set	MGYS00004100
Evaluation set	MGYS00004101
Evaluation set	MGYS00004104
Evaluation set	MGYS00004105
Evaluation set	MGYS00004107
Evaluation set	MGYS00004110
Evaluation set	MGYS00004112
Evaluation set	MGYS00004116
Evaluation set	MGYS00004117
Evaluation set	MGYS00004119
Evaluation set	MGYS00004120
Evaluation set	MGYS00004122
Evaluation set	MGYS00004123
Evaluation set	MGYS00004125
Evaluation set	MGYS00004126
Evaluation set	MGYS00004127
Evaluation set	MGYS00004128
Evaluation set	MGYS00004129
Evaluation set	MGYS00004130
Evaluation set	MGYS00004131
Evaluation set	MGYS00004132
Evaluation set	MGYS00004133
Evaluation set	MGYS00004134
Evaluation set	MGYS00004135
Evaluation set	MGYS00004136
Evaluation set	MGYS00004137
Evaluation set	MGYS00004138
Evaluation set	MGYS00004139
Evaluation set	MGYS00004140
Evaluation set	MGYS00004144
Evaluation set	MGYS00004146
Evaluation set	MGYS00004148
Evaluation set	MGYS00004149
Evaluation set	MGYS00004150
Evaluation set	MGYS00004151
Evaluation set	MGYS00004152
Evaluation set	MGYS00004153
Evaluation set	MGYS00004154
Evaluation set	MGYS00004155
Evaluation set	MGYS00004156
Evaluation set	MGYS00004160
Evaluation set	MGYS00004161
Evaluation set	MGYS00004163
Evaluation set	MGYS00004164
Evaluation set	MGYS00004165
Evaluation set	MGYS00004167
Evaluation set	MGYS00004168
Evaluation set	MGYS00004169
Evaluation set	MGYS00004171
Evaluation set	MGYS00004173
Evaluation set	MGYS00004174
Evaluation set	MGYS00004175
Evaluation set	MGYS00004177
Evaluation set	MGYS00004179
Evaluation set	MGYS00004180
Evaluation set	MGYS00004181
Evaluation set	MGYS00004182
Evaluation set	MGYS00004185
Evaluation set	MGYS00004189
Evaluation set	MGYS00004190
Evaluation set	MGYS00004192
Evaluation set	MGYS00004193
Evaluation set	MGYS00004194
Evaluation set	MGYS00004195
Evaluation set	MGYS00004196
Evaluation set	MGYS00004199
Evaluation set	MGYS00004200
Evaluation set	MGYS00004201
Evaluation set	MGYS00004202
Evaluation set	MGYS00004203
Evaluation set	MGYS00004205
Evaluation set	MGYS00004206
Evaluation set	MGYS00004207
Evaluation set	MGYS00004208
Evaluation set	MGYS00004209
Evaluation set	MGYS00004210
Evaluation set	MGYS00004211
Evaluation set	MGYS00004213
Evaluation set	MGYS00004214
Evaluation set	MGYS00004215
Evaluation set	MGYS00004216
Evaluation set	MGYS00004217
Evaluation set	MGYS00004218
Evaluation set	MGYS00004220
Evaluation set	MGYS00004222
Evaluation set	MGYS00004224
Evaluation set	MGYS00004226
Evaluation set	MGYS00004227
Evaluation set	MGYS00004228
Evaluation set	MGYS00004229
Evaluation set	MGYS00004230
Evaluation set	MGYS00004233
Evaluation set	MGYS00004234
Evaluation set	MGYS00004236
Evaluation set	MGYS00004238
Evaluation set	MGYS00004239
Evaluation set	MGYS00004240
Evaluation set	MGYS00004241
Evaluation set	MGYS00004242
Evaluation set	MGYS00004244
Evaluation set	MGYS00004246
Evaluation set	MGYS00004249
Evaluation set	MGYS00004250
Evaluation set	MGYS00004251
Evaluation set	MGYS00004252
Evaluation set	MGYS00004254
Evaluation set	MGYS00004255
Evaluation set	MGYS00004257
Evaluation set	MGYS00004258
Evaluation set	MGYS00004260
Evaluation set	MGYS00004261
Evaluation set	MGYS00004267
Evaluation set	MGYS00004272
Evaluation set	MGYS00004276
Evaluation set	MGYS00004277
Evaluation set	MGYS00004278
Evaluation set	MGYS00004281
Evaluation set	MGYS00004285
Evaluation set	MGYS00004286
Evaluation set	MGYS00004287
Evaluation set	MGYS00004292
Evaluation set	MGYS00004293
Evaluation set	MGYS00004297
Evaluation set	MGYS00004299
Evaluation set	MGYS00004300
Evaluation set	MGYS00004302
Evaluation set	MGYS00004303
Evaluation set	MGYS00004304
Evaluation set	MGYS00004306
Evaluation set	MGYS00004307
Evaluation set	MGYS00004308
Evaluation set	MGYS00004310
Evaluation set	MGYS00004312
Evaluation set	MGYS00004314
Evaluation set	MGYS00004315
Evaluation set	MGYS00004318
Evaluation set	MGYS00004321
Evaluation set	MGYS00004322
Evaluation set	MGYS00004323
Evaluation set	MGYS00004324
Evaluation set	MGYS00004326
Evaluation set	MGYS00004327
Evaluation set	MGYS00004328
Evaluation set	MGYS00004331
Evaluation set	MGYS00004334
Evaluation set	MGYS00004335
Evaluation set	MGYS00004340
Evaluation set	MGYS00004341
Evaluation set	MGYS00004345
Evaluation set	MGYS00004347
Evaluation set	MGYS00004348
Evaluation set	MGYS00004349
Evaluation set	MGYS00004351
Evaluation set	MGYS00004352
Evaluation set	MGYS00004353
Evaluation set	MGYS00004354
Evaluation set	MGYS00004357
Evaluation set	MGYS00004360
Evaluation set	MGYS00004361
Evaluation set	MGYS00004362
Evaluation set	MGYS00004363
Evaluation set	MGYS00004364
Evaluation set	MGYS00004365
Evaluation set	MGYS00004366
Evaluation set	MGYS00004367
Evaluation set	MGYS00004368
Evaluation set	MGYS00004370
Evaluation set	MGYS00004372
Evaluation set	MGYS00004374
Evaluation set	MGYS00004375
Evaluation set	MGYS00004376
Evaluation set	MGYS00004377
Evaluation set	MGYS00004379
Evaluation set	MGYS00004381
Evaluation set	MGYS00004383
Evaluation set	MGYS00004384
Evaluation set	MGYS00004385
Evaluation set	MGYS00004388
Evaluation set	MGYS00004389
Evaluation set	MGYS00004390
Evaluation set	MGYS00004391
Evaluation set	MGYS00004392
Evaluation set	MGYS00004393
Evaluation set	MGYS00004394
Evaluation set	MGYS00004395
Evaluation set	MGYS00004396
Evaluation set	MGYS00004397
Evaluation set	MGYS00004400
Evaluation set	MGYS00004401
Evaluation set	MGYS00004402
Evaluation set	MGYS00004404
Evaluation set	MGYS00004405
Evaluation set	MGYS00004408
Evaluation set	MGYS00004409
Evaluation set	MGYS00004410
Evaluation set	MGYS00004411
Evaluation set	MGYS00004412
Evaluation set	MGYS00004414
Evaluation set	MGYS00004415
Evaluation set	MGYS00004416
Evaluation set	MGYS00004418
Evaluation set	MGYS00004419
Evaluation set	MGYS00004420
Evaluation set	MGYS00004422
Evaluation set	MGYS00004425
Evaluation set	MGYS00004428
Evaluation set	MGYS00004430
Evaluation set	MGYS00004432
Evaluation set	MGYS00004433
Evaluation set	MGYS00004434
Evaluation set	MGYS00004435
Evaluation set	MGYS00004436
Evaluation set	MGYS00004439
Evaluation set	MGYS00004440
Evaluation set	MGYS00004441
Evaluation set	MGYS00004442
Evaluation set	MGYS00004443
Evaluation set	MGYS00004444
Evaluation set	MGYS00004445
Evaluation set	MGYS00004446
Evaluation set	MGYS00004449
Evaluation set	MGYS00004454
Evaluation set	MGYS00004455
Evaluation set	MGYS00004456
Evaluation set	MGYS00004457
Evaluation set	MGYS00004459
Evaluation set	MGYS00004460
Evaluation set	MGYS00004462
Evaluation set	MGYS00004463
Evaluation set	MGYS00004464
Evaluation set	MGYS00004465
Evaluation set	MGYS00004466
Evaluation set	MGYS00004467
Evaluation set	MGYS00004468
Evaluation set	MGYS00004475
Evaluation set	MGYS00004476
Evaluation set	MGYS00004477
Evaluation set	MGYS00004478
Evaluation set	MGYS00004480
Evaluation set	MGYS00004481
Evaluation set	MGYS00004484
Evaluation set	MGYS00004485
Evaluation set	MGYS00004486
Evaluation set	MGYS00004487
Evaluation set	MGYS00004488
Evaluation set	MGYS00004490
Evaluation set	MGYS00004493
Evaluation set	MGYS00004495
Evaluation set	MGYS00004496
Evaluation set	MGYS00004500
Evaluation set	MGYS00004501
Evaluation set	MGYS00004502
Evaluation set	MGYS00004503
Evaluation set	MGYS00004504
Evaluation set	MGYS00004505
Evaluation set	MGYS00004506
Evaluation set	MGYS00004507
Evaluation set	MGYS00004508
Evaluation set	MGYS00004510
Evaluation set	MGYS00004511
Evaluation set	MGYS00004513
Evaluation set	MGYS00004517
Evaluation set	MGYS00004518
Evaluation set	MGYS00004519
Evaluation set	MGYS00004520
Evaluation set	MGYS00004524
Evaluation set	MGYS00004526
Evaluation set	MGYS00004528
Evaluation set	MGYS00004529
Evaluation set	MGYS00004530
Evaluation set	MGYS00004531
Evaluation set	MGYS00004532
Evaluation set	MGYS00004534
Evaluation set	MGYS00004535
Evaluation set	MGYS00004539
Evaluation set	MGYS00004540
Evaluation set	MGYS00004542
Evaluation set	MGYS00004544
Evaluation set	MGYS00004548
Evaluation set	MGYS00004549
Evaluation set	MGYS00004550
Evaluation set	MGYS00004552
Evaluation set	MGYS00004553
Evaluation set	MGYS00004555
Evaluation set	MGYS00004559
Evaluation set	MGYS00004560
Evaluation set	MGYS00004561
Evaluation set	MGYS00004562
Evaluation set	MGYS00004563
Evaluation set	MGYS00004564
Evaluation set	MGYS00004565
Evaluation set	MGYS00004567
Evaluation set	MGYS00004568
Evaluation set	MGYS00004569
Evaluation set	MGYS00004570
Evaluation set	MGYS00004571
Evaluation set	MGYS00004573
Evaluation set	MGYS00004574
Evaluation set	MGYS00004575
Evaluation set	MGYS00004576
Evaluation set	MGYS00004577
Evaluation set	MGYS00004580
Evaluation set	MGYS00004582
Evaluation set	MGYS00004584
Evaluation set	MGYS00004585
Evaluation set	MGYS00004588
Evaluation set	MGYS00004589
Evaluation set	MGYS00004592
Evaluation set	MGYS00004593
Evaluation set	MGYS00004594
Evaluation set	MGYS00004596
Evaluation set	MGYS00004597
Evaluation set	MGYS00004598
Evaluation set	MGYS00004599
Evaluation set	MGYS00004604
Evaluation set	MGYS00004605
Evaluation set	MGYS00004606
Evaluation set	MGYS00004608
Evaluation set	MGYS00004609
Evaluation set	MGYS00004611
Evaluation set	MGYS00004612
Evaluation set	MGYS00004613
Evaluation set	MGYS00004614
Evaluation set	MGYS00004615
Evaluation set	MGYS00004616
Evaluation set	MGYS00004617
Evaluation set	MGYS00004619
Evaluation set	MGYS00004621
Evaluation set	MGYS00004622
Evaluation set	MGYS00004623
Evaluation set	MGYS00004624
Evaluation set	MGYS00004625
Evaluation set	MGYS00004626
Evaluation set	MGYS00004627
Evaluation set	MGYS00004628
Evaluation set	MGYS00004629
Evaluation set	MGYS00004630
Evaluation set	MGYS00004631
Evaluation set	MGYS00004634
Evaluation set	MGYS00004636
Evaluation set	MGYS00004637
Evaluation set	MGYS00004638
Evaluation set	MGYS00004641
Evaluation set	MGYS00004642
Evaluation set	MGYS00004643
Evaluation set	MGYS00004644
Evaluation set	MGYS00004645
Evaluation set	MGYS00004647
Evaluation set	MGYS00004648
Evaluation set	MGYS00004649
Evaluation set	MGYS00004651
Evaluation set	MGYS00004654
Evaluation set	MGYS00004656
Evaluation set	MGYS00004658
Evaluation set	MGYS00004659
Evaluation set	MGYS00004660
Evaluation set	MGYS00004661
Evaluation set	MGYS00004662
Evaluation set	MGYS00004664
Evaluation set	MGYS00004665
Evaluation set	MGYS00004666
Evaluation set	MGYS00004668
Evaluation set	MGYS00004670
Evaluation set	MGYS00004671
Evaluation set	MGYS00004672
Evaluation set	MGYS00004673
Evaluation set	MGYS00004674
Evaluation set	MGYS00004676
Evaluation set	MGYS00004677
Evaluation set	MGYS00004678
Evaluation set	MGYS00004679
Evaluation set	MGYS00004680
Evaluation set	MGYS00004681
Evaluation set	MGYS00004687
Evaluation set	MGYS00004689
Evaluation set	MGYS00004691
Evaluation set	MGYS00004692
Evaluation set	MGYS00004696
Evaluation set	MGYS00004702
Evaluation set	MGYS00004709
Evaluation set	MGYS00004713
Evaluation set	MGYS00004716
Evaluation set	MGYS00004732
Evaluation set	MGYS00004735
Evaluation set	MGYS00004738
Evaluation set	MGYS00004741
Evaluation set	MGYS00004742
Evaluation set	MGYS00004743
Evaluation set	MGYS00004772
Evaluation set	MGYS00004773
Evaluation set	MGYS00004839
Evaluation set	MGYS00004840
Evaluation set	MGYS00004841
Evaluation set	MGYS00004842
Evaluation set	MGYS00004843
Evaluation set	MGYS00004844
Evaluation set	MGYS00004845
Evaluation set	MGYS00004846
Evaluation set	MGYS00004847
Evaluation set	MGYS00004848
Evaluation set	MGYS00004849
Evaluation set	MGYS00004851
Evaluation set	MGYS00004852
Evaluation set	MGYS00004853
Evaluation set	MGYS00004854
Evaluation set	MGYS00004855
Evaluation set	MGYS00004856
Evaluation set	MGYS00004857
Evaluation set	MGYS00004858
Evaluation set	MGYS00004859
Evaluation set	MGYS00004860
Evaluation set	MGYS00004862
Evaluation set	MGYS00004864
Evaluation set	MGYS00004865
Evaluation set	MGYS00004866
Evaluation set	MGYS00004867
Evaluation set	MGYS00004868
Evaluation set	MGYS00004871
Evaluation set	MGYS00004873
Evaluation set	MGYS00004874
Evaluation set	MGYS00004875
Evaluation set	MGYS00004876
Evaluation set	MGYS00004877
Evaluation set	MGYS00004879
Evaluation set	MGYS00004880
Evaluation set	MGYS00004881
Evaluation set	MGYS00004883
Evaluation set	MGYS00004884
Evaluation set	MGYS00004885
Evaluation set	MGYS00004886
Evaluation set	MGYS00004888
Evaluation set	MGYS00004889
Evaluation set	MGYS00004890
Evaluation set	MGYS00004891
Evaluation set	MGYS00004892
Evaluation set	MGYS00004982
Evaluation set	MGYS00005000
Evaluation set	MGYS00005003
Evaluation set	MGYS00005008
Evaluation set	MGYS00005022
Evaluation set	MGYS00005024
Evaluation set	MGYS00005027
Evaluation set	MGYS00005032
Evaluation set	MGYS00005045
Evaluation set	MGYS00005052
Evaluation set	MGYS00005054
Evaluation set	MGYS00005075
Evaluation set	MGYS00005082
Evaluation set	MGYS00005097
Evaluation set	MGYS00005110
Evaluation set	MGYS00005115
Evaluation set	MGYS00005123
Evaluation set	MGYS00005136
Evaluation set	MGYS00005140
Evaluation set	MGYS00005141
Evaluation set	MGYS00005148
Evaluation set	MGYS00005149
Evaluation set	MGYS00005175
Evaluation set	MGYS00005200
Evaluation set	MGYS00005245
Evaluation set	MGYS00005250
Evaluation set	MGYS00005263
Evaluation set	MGYS00005265
Evaluation set	MGYS00005294
Evaluation set	MGYS00005295
Evaluation set	MGYS00005300
Evaluation set	MGYS00005308
Evaluation set	MGYS00005312
Evaluation set	MGYS00005318
Evaluation set	MGYS00005334
Evaluation set	MGYS00005337
Evaluation set	MGYS00005363
Evaluation set	MGYS00005366
Evaluation set	MGYS00005367
Evaluation set	MGYS00005395
Evaluation set	MGYS00005396
Evaluation set	MGYS00005403
Evaluation set	MGYS00005404
Evaluation set	MGYS00005405
Evaluation set	MGYS00005413
Evaluation set	MGYS00005416
Evaluation set	MGYS00005417
Evaluation set	MGYS00005419
Evaluation set	MGYS00005420
Evaluation set	MGYS00005427
Evaluation set	MGYS00005439
Evaluation set	MGYS00005440
Evaluation set	MGYS00005467
Evaluation set	MGYS00005471
Evaluation set	MGYS00005487
Evaluation set	MGYS00005494
Evaluation set	MGYS00005496
Evaluation set	MGYS00005497
Evaluation set	MGYS00005510
Evaluation set	MGYS00005517
Evaluation set	MGYS00005530
Evaluation set	MGYS00005534
Evaluation set	MGYS00005575
Evaluation set	MGYS00005580
Evaluation set	MGYS00005581
Evaluation set	MGYS00005582
Evaluation set	MGYS00005595
Evaluation set	MGYS00005629
Evaluation set	MGYS00005632
Evaluation set	MGYS00005634
Evaluation set	MGYS00005636
Evaluation set	MGYS00005638
Evaluation set	MGYS00005640
Evaluation set	MGYS00005644
Evaluation set	MGYS00005646
Evaluation set	MGYS00005653
Evaluation set	MGYS00005654
Evaluation set	MGYS00005665
Evaluation set	MGYS00005666
Evaluation set	MGYS00005669
Evaluation set	MGYS00005670
Evaluation set	MGYS00005673
Evaluation set	MGYS00005675
Evaluation set	MGYS00005677
Evaluation set	MGYS00005678
Evaluation set	MGYS00005686
Evaluation set	MGYS00005687
Evaluation set	MGYS00005688
Evaluation set	MGYS00005689
Evaluation set	MGYS00005695
Evaluation set	MGYS00005696
Evaluation set	MGYS00005704
Evaluation set	MGYS00005705
Evaluation set	MGYS00005709
Evaluation set	MGYS00005710
Evaluation set	MGYS00005713
Evaluation set	MGYS00005714
Evaluation set	MGYS00005715
Evaluation set	MGYS00005716
Evaluation set	MGYS00005717
Evaluation set	MGYS00005720
Evaluation set	MGYS00005722
Evaluation set	MGYS00005724
Evaluation set	MGYS00005734
Evaluation set	MGYS00005743
Evaluation set	MGYS00005773
Evaluation set	MGYS00005777
Evaluation set	MGYS00005780
Evaluation set	MGYS00005829
Evaluation set	MGYS00005832
Evaluation set	MGYS00005834
Evaluation set	MGYS00005835
Evaluation set	MGYS00005842
Evaluation set	MGYS00005850
Evaluation set	MGYS00005851
Evaluation set	MGYS00005856
Evaluation set	MGYS00005857
Evaluation set	MGYS00005858
Evaluation set	MGYS00005859
Evaluation set	MGYS00005863
Evaluation set	MGYS00005864
Evaluation set	MGYS00005865
Evaluation set	MGYS00005869
Evaluation set	MGYS00005924
Evaluation set	MGYS00005931
Evaluation set	MGYS00005935
Evaluation set	MGYS00005939
Evaluation set	MGYS00005941
Evaluation set	MGYS00005945
Evaluation set	MGYS00005947
Evaluation set	MGYS00005949
Evaluation set	MGYS00005951
Evaluation set	MGYS00005953
Evaluation set	MGYS00005957
Evaluation set	MGYS00005961
Evaluation set	MGYS00005962
Evaluation set	MGYS00005964
Evaluation set	MGYS00005968
Evaluation set	MGYS00005969
Evaluation set	MGYS00005981
Evaluation set	MGYS00005982
Evaluation set	MGYS00005987
Evaluation set	MGYS00005988
Evaluation set	MGYS00005989
Evaluation set	MGYS00005990
Evaluation set	MGYS00005991
Evaluation set	MGYS00006028
Evaluation set	MGYS00006030
Evaluation set	MGYS00006034
Evaluation set	MGYS00006035
Evaluation set	MGYS00006039
Evaluation set	MGYS00006057
Evaluation set	MGYS00006058
Evaluation set	MGYS00006061
Evaluation set	MGYS00006072
Evaluation set	MGYS00006213
Training set	MGYS00003588
Training set	MGYS00003589
Training set	MGYS00003590
Training set	MGYS00003591
Training set	MGYS00003594
Training set	MGYS00003595
Training set	MGYS00003596
Training set	MGYS00003599
Training set	MGYS00003605
Training set	MGYS00003612
Training set	MGYS00003615
Training set	MGYS00003617
Training set	MGYS00003637
Training set	MGYS00003643
Training set	MGYS00003658
Training set	MGYS00003780
Training set	MGYS00003851
Training set	MGYS00003868
Training set	MGYS00003892
Training set	MGYS00003909
Training set	MGYS00003978
Training set	MGYS00003995
Training set	MGYS00004005
Training set	MGYS00004009
Training set	MGYS00004017
Training set	MGYS00004020
Training set	MGYS00004021
Training set	MGYS00004028
Training set	MGYS00004041
Training set	MGYS00004049
Training set	MGYS00004050
Training set	MGYS00004056
Training set	MGYS00004058
Training set	MGYS00004066
Training set	MGYS00004068
Training set	MGYS00004075
Training set	MGYS00004079
Training set	MGYS00004080
Training set	MGYS00004082
Training set	MGYS00004083
Training set	MGYS00004094
Training set	MGYS00004098
Training set	MGYS00004102
Training set	MGYS00004103
Training set	MGYS00004108
Training set	MGYS00004113
Training set	MGYS00004115
Training set	MGYS00004121
Training set	MGYS00004141
Training set	MGYS00004158
Training set	MGYS00004159
Training set	MGYS00004162
Training set	MGYS00004170
Training set	MGYS00004176
Training set	MGYS00004178
Training set	MGYS00004186
Training set	MGYS00004187
Training set	MGYS00004191
Training set	MGYS00004197
Training set	MGYS00004212
Training set	MGYS00004221
Training set	MGYS00004223
Training set	MGYS00004232
Training set	MGYS00004235
Training set	MGYS00004237
Training set	MGYS00004247
Training set	MGYS00004259
Training set	MGYS00004273
Training set	MGYS00004282
Training set	MGYS00004284
Training set	MGYS00004301
Training set	MGYS00004313
Training set	MGYS00004317
Training set	MGYS00004320
Training set	MGYS00004332
Training set	MGYS00004337
Training set	MGYS00004343
Training set	MGYS00004350
Training set	MGYS00004355
Training set	MGYS00004358
Training set	MGYS00004369
Training set	MGYS00004380
Training set	MGYS00004407
Training set	MGYS00004421
Training set	MGYS00004423
Training set	MGYS00004424
Training set	MGYS00004447
Training set	MGYS00004450
Training set	MGYS00004451
Training set	MGYS00004452
Training set	MGYS00004453
Training set	MGYS00004469
Training set	MGYS00004474
Training set	MGYS00004483
Training set	MGYS00004497
Training set	MGYS00004509
Training set	MGYS00004525
Training set	MGYS00004536
Training set	MGYS00004543
Training set	MGYS00004551
Training set	MGYS00004566
Training set	MGYS00004578
Training set	MGYS00004581
Training set	MGYS00004583
Training set	MGYS00004590
Training set	MGYS00004591
Training set	MGYS00004600
Training set	MGYS00004607
Training set	MGYS00004618
Training set	MGYS00004632
Training set	MGYS00004635
Training set	MGYS00004652
Training set	MGYS00004653
Training set	MGYS00004655
Training set	MGYS00004657
Training set	MGYS00004663
Training set	MGYS00004669
Training set	MGYS00004697
Training set	MGYS00004699
Training set	MGYS00004836
Training set	MGYS00004837
Training set	MGYS00004838
Training set	MGYS00004850
Training set	MGYS00004869
Training set	MGYS00004870
Training set	MGYS00004878
Training set	MGYS00005014
Training set	MGYS00005275
Training set	MGYS00005276
Training set	MGYS00005296
Training set	MGYS00005362
Training set	MGYS00005370
Training set	MGYS00005371
Training set	MGYS00005401
Training set	MGYS00005402
Training set	MGYS00005421
Training set	MGYS00005422
Training set	MGYS00005447
Training set	MGYS00005448
Training set	MGYS00005493
Training set	MGYS00005642
Training set	MGYS00005648
Training set	MGYS00005650
Training set	MGYS00005671
Training set	MGYS00005672
Training set	MGYS00005690
Training set	MGYS00005691
Training set	MGYS00005692
Training set	MGYS00005711
Training set	MGYS00005712
Training set	MGYS00005718
Training set	MGYS00005719
Training set	MGYS00005775
Training set	MGYS00005776
Training set	MGYS00005789
Training set	MGYS00005790
Training set	MGYS00005823
Training set	MGYS00005824
Training set	MGYS00005831
Training set	MGYS00005836
Training set	MGYS00005845
Training set	MGYS00005867
Training set	MGYS00005933
Training set	MGYS00005937
Training set	MGYS00005943
Training set	MGYS00005955
Training set	MGYS00005959
Training set	MGYS00005963
Training set	MGYS00005977
Training set	MGYS00005978
Training set	MGYS00006055
Training set	MGYS00006056
Training set	MGYS00006059
Training set	MGYS00006060
Training set	MGYS00006080
Training set	MGYS00006157
Training set	MGYS00003962
Training set	MGYS00000257
Training set	MGYS00000259
Training set	MGYS00000275
Training set	MGYS00000282
Training set	MGYS00000288
Training set	MGYS00000289
Training set	MGYS00000291
Training set	MGYS00000296
Training set	MGYS00000297
Training set	MGYS00000298
Training set	MGYS00000305
Training set	MGYS00000312
Training set	MGYS00000320
Training set	MGYS00000321
Training set	MGYS00000324
Training set	MGYS00000326
Training set	MGYS00000328
Training set	MGYS00000333
Training set	MGYS00000336
Training set	MGYS00000337
Training set	MGYS00000338
Training set	MGYS00000342
Training set	MGYS00000353
Training set	MGYS00000355
Training set	MGYS00000360
Training set	MGYS00000366
Training set	MGYS00000371
Training set	MGYS00000379
Training set	MGYS00000382
Training set	MGYS00000383
Training set	MGYS00000384
Training set	MGYS00000388
Training set	MGYS00000389
Training set	MGYS00000390
Training set	MGYS00000391
Training set	MGYS00000395
Training set	MGYS00000397
Training set	MGYS00000398
Training set	MGYS00000406
Training set	MGYS00000408
Training set	MGYS00000410
Training set	MGYS00000414
Training set	MGYS00000415
Training set	MGYS00000416
Training set	MGYS00000421
Training set	MGYS00000424
Training set	MGYS00000447
Training set	MGYS00000448
Training set	MGYS00000452
Training set	MGYS00000453
Training set	MGYS00000461
Training set	MGYS00000462
Training set	MGYS00000464
Training set	MGYS00000466
Training set	MGYS00000474
Training set	MGYS00000484
Training set	MGYS00000492
Training set	MGYS00000503
Training set	MGYS00000504
Training set	MGYS00000508
Training set	MGYS00000511
Training set	MGYS00000536
Training set	MGYS00000546
Training set	MGYS00000548
Training set	MGYS00000554
Training set	MGYS00000568
Training set	MGYS00000572
Training set	MGYS00000588
Training set	MGYS00000590
Training set	MGYS00000591
Training set	MGYS00000593
Training set	MGYS00000594
Training set	MGYS00000599
Training set	MGYS00000608
Training set	MGYS00000609
Training set	MGYS00000612
Training set	MGYS00000615
Training set	MGYS00000618
Training set	MGYS00000619
Training set	MGYS00000641
Training set	MGYS00000642
Training set	MGYS00000660
Training set	MGYS00000674
Training set	MGYS00000680
Training set	MGYS00000711
Training set	MGYS00000720
Training set	MGYS00000749
Training set	MGYS00000836
Training set	MGYS00000897
Training set	MGYS00000974
Training set	MGYS00000984
Training set	MGYS00000985
Training set	MGYS00000990
Training set	MGYS00000991
Training set	MGYS00000995
Training set	MGYS00000997
Training set	MGYS00001043
Training set	MGYS00001066
Training set	MGYS00001073
Training set	MGYS00001105
Training set	MGYS00001177
Training set	MGYS00001179
Training set	MGYS00001180
Training set	MGYS00001182
Training set	MGYS00001183
Training set	MGYS00001200
Training set	MGYS00001205
Training set	MGYS00001228
Training set	MGYS00001229
Training set	MGYS00001238
Training set	MGYS00001261
Training set	MGYS00001281
Training set	MGYS00001282
Training set	MGYS00001285
Training set	MGYS00001291
Training set	MGYS00001292
Training set	MGYS00001296
Training set	MGYS00001306
Training set	MGYS00001310
Training set	MGYS00001314
Training set	MGYS00001316
Training set	MGYS00001318
Training set	MGYS00001320
Training set	MGYS00001321
Training set	MGYS00001336
Training set	MGYS00001343
Training set	MGYS00001344
Training set	MGYS00001363
Training set	MGYS00001378
Training set	MGYS00001381
Training set	MGYS00001385
Training set	MGYS00001388
Training set	MGYS00001390
Training set	MGYS00001393
Training set	MGYS00001396
Training set	MGYS00001401
Training set	MGYS00001402
Training set	MGYS00001403
Training set	MGYS00001404
Training set	MGYS00001405
Training set	MGYS00001406
Training set	MGYS00001407
Training set	MGYS00001408
Training set	MGYS00001409
Training set	MGYS00001410
Training set	MGYS00001411
Training set	MGYS00001428
Training set	MGYS00001430
Training set	MGYS00001432
Training set	MGYS00001443
Training set	MGYS00001446
Training set	MGYS00001450
Training set	MGYS00001456
Training set	MGYS00001457
Training set	MGYS00001461
Training set	MGYS00001462
Training set	MGYS00001463
Training set	MGYS00001464
Training set	MGYS00001465
Training set	MGYS00001466
Training set	MGYS00001467
Training set	MGYS00001469
Training set	MGYS00001472
Training set	MGYS00001473
Training set	MGYS00001474
Training set	MGYS00001475
Training set	MGYS00001476
Training set	MGYS00001477
Training set	MGYS00001482
Training set	MGYS00001483
Training set	MGYS00001485
Training set	MGYS00001487
Training set	MGYS00001488
Training set	MGYS00001489
Training set	MGYS00001497
Training set	MGYS00001499
Training set	MGYS00001500
Training set	MGYS00001501
Training set	MGYS00001504
Training set	MGYS00001506
Training set	MGYS00001507
Training set	MGYS00001508
Training set	MGYS00001509
Training set	MGYS00001512
Training set	MGYS00001515
Training set	MGYS00001516
Training set	MGYS00001518
Training set	MGYS00001519
Training set	MGYS00001520
Training set	MGYS00001522
Training set	MGYS00001524
Training set	MGYS00001525
Training set	MGYS00001526
Training set	MGYS00001527
Training set	MGYS00001528
Training set	MGYS00001536
Training set	MGYS00001538
Training set	MGYS00001539
Training set	MGYS00001543
Training set	MGYS00001546
Training set	MGYS00001550
Training set	MGYS00001562
Training set	MGYS00001563
Training set	MGYS00001564
Training set	MGYS00001565
Training set	MGYS00001567
Training set	MGYS00001571
Training set	MGYS00001572
Training set	MGYS00001573
Training set	MGYS00001574
Training set	MGYS00001575
Training set	MGYS00001577
Training set	MGYS00001578
Training set	MGYS00001588
Training set	MGYS00001589
Training set	MGYS00001590
Training set	MGYS00001591
Training set	MGYS00001592
Training set	MGYS00001593
Training set	MGYS00001598
Training set	MGYS00001600
Training set	MGYS00001601
Training set	MGYS00001602
Training set	MGYS00001605
Training set	MGYS00001608
Training set	MGYS00001609
Training set	MGYS00001612
Training set	MGYS00001620
Training set	MGYS00001621
Training set	MGYS00001622
Training set	MGYS00001628
Training set	MGYS00001649
Training set	MGYS00001654
Training set	MGYS00001656
Training set	MGYS00001658
Training set	MGYS00001660
Training set	MGYS00001663
Training set	MGYS00001664
Training set	MGYS00001665
Training set	MGYS00001666
Training set	MGYS00001669
Training set	MGYS00001673
Training set	MGYS00001674
Training set	MGYS00001685
Training set	MGYS00001686
Training set	MGYS00001687
Training set	MGYS00001690
Training set	MGYS00001691
Training set	MGYS00001693
Training set	MGYS00001694
Training set	MGYS00001696
Training set	MGYS00001711
Training set	MGYS00001712
Training set	MGYS00001713
Training set	MGYS00001715
Training set	MGYS00001716
Training set	MGYS00001717
Training set	MGYS00001719
Training set	MGYS00001720
Training set	MGYS00001722
Training set	MGYS00001736
Training set	MGYS00001758
Training set	MGYS00001759
Training set	MGYS00001767
Training set	MGYS00001784
Training set	MGYS00001789
Training set	MGYS00001790
Training set	MGYS00001791
Training set	MGYS00001792
Training set	MGYS00001811
Training set	MGYS00001812
Training set	MGYS00001813
Training set	MGYS00001819
Training set	MGYS00001836
Training set	MGYS00001837
Training set	MGYS00001858
Training set	MGYS00001860
Training set	MGYS00001861
Training set	MGYS00001869
Training set	MGYS00001878
Training set	MGYS00001885
Training set	MGYS00001889
Training set	MGYS00001894
Training set	MGYS00001899
Training set	MGYS00001918
Training set	MGYS00001922
Training set	MGYS00001926
Training set	MGYS00001932
Training set	MGYS00001933
Training set	MGYS00001935
Training set	MGYS00001941
Training set	MGYS00001943
Training set	MGYS00001945
Training set	MGYS00001946
Training set	MGYS00001948
Training set	MGYS00001952
Training set	MGYS00001967
Training set	MGYS00001968
Training set	MGYS00001977
Training set	MGYS00001990
Training set	MGYS00002000
Training set	MGYS00002005
Training set	MGYS00002008
Training set	MGYS00002009
Training set	MGYS00002010
Training set	MGYS00002013
Training set	MGYS00002025
Training set	MGYS00002030
Training set	MGYS00002031
Training set	MGYS00002034
Training set	MGYS00002035
Training set	MGYS00002036
Training set	MGYS00002040
Training set	MGYS00002041
Training set	MGYS00002042
Training set	MGYS00002043
Training set	MGYS00002044
Training set	MGYS00002071
Training set	MGYS00002083
Training set	MGYS00002088
Training set	MGYS00002095
Training set	MGYS00002097
Training set	MGYS00002098
Training set	MGYS00002099
Training set	MGYS00002100
Training set	MGYS00002102
Training set	MGYS00002103
Training set	MGYS00002104
Training set	MGYS00002105
Training set	MGYS00002108
Training set	MGYS00002117
Training set	MGYS00002119
Training set	MGYS00002121
Training set	MGYS00002122
Training set	MGYS00002134
Training set	MGYS00002157
Training set	MGYS00002183
Training set	MGYS00002255
Training set	MGYS00002281
Training set	MGYS00002282
Training set	MGYS00002286
Training set	MGYS00002298
Training set	MGYS00002304
Training set	MGYS00002308
Training set	MGYS00002312
Training set	MGYS00002313
Training set	MGYS00002317
Training set	MGYS00002318
Training set	MGYS00002321
Training set	MGYS00002323
Training set	MGYS00002324
Training set	MGYS00002325
Training set	MGYS00002326
Training set	MGYS00002327
Training set	MGYS00002328
Training set	MGYS00002330
Training set	MGYS00002332
Training set	MGYS00002365
Training set	MGYS00002368
Training set	MGYS00002370
Training set	MGYS00002371
Training set	MGYS00002372
Training set	MGYS00002373
Training set	MGYS00002374
Training set	MGYS00002375
Training set	MGYS00002376
Training set	MGYS00002379
Training set	MGYS00002380
Training set	MGYS00002381
Training set	MGYS00002392
Training set	MGYS00002404
Training set	MGYS00002405
Training set	MGYS00002420
Training set	MGYS00002437
Training set	MGYS00002439
Training set	MGYS00002444
Training set	MGYS00002448
Training set	MGYS00002449
Training set	MGYS00002451
Training set	MGYS00002452
Training set	MGYS00002462
Training set	MGYS00002474
Training set	MGYS00002475
Training set	MGYS00002476
Training set	MGYS00002477
Training set	MGYS00002478
Training set	MGYS00002481
Training set	MGYS00002486
Training set	MGYS00002488
Training set	MGYS00002490
Training set	MGYS00002492
Training set	MGYS00002494
Training set	MGYS00002496
Training set	MGYS00002498
Training set	MGYS00002500
Training set	MGYS00002501
Training set	MGYS00002504
Training set	MGYS00002510
Training set	MGYS00002511
Training set	MGYS00002518
Training set	MGYS00002519
Training set	MGYS00002520
Training set	MGYS00002521
Training set	MGYS00002522
Training set	MGYS00002523
Training set	MGYS00002527
Training set	MGYS00002528
Training set	MGYS00002529
Training set	MGYS00002531
Training set	MGYS00002541
Training set	MGYS00002542
Training set	MGYS00002543
Training set	MGYS00002544
Training set	MGYS00002545
Training set	MGYS00002546
Training set	MGYS00002550
Training set	MGYS00002552
Training set	MGYS00002554
Training set	MGYS00002562
Training set	MGYS00002564
Training set	MGYS00002565
Training set	MGYS00002566
Training set	MGYS00002567
Training set	MGYS00002571
Training set	MGYS00002572
Training set	MGYS00002582
Training set	MGYS00002583
Training set	MGYS00002584
Training set	MGYS00002585
Training set	MGYS00002588
Training set	MGYS00002590
Training set	MGYS00002591
Training set	MGYS00002592
Training set	MGYS00002593
Training set	MGYS00002603
Training set	MGYS00002604
Training set	MGYS00002605
Training set	MGYS00002644
Training set	MGYS00002645
Training set	MGYS00002646
Training set	MGYS00002647
Training set	MGYS00002648
Training set	MGYS00002649
Training set	MGYS00002650
Training set	MGYS00002652
Training set	MGYS00002653
Training set	MGYS00002654
Training set	MGYS00002655
Training set	MGYS00002656
Training set	MGYS00002657
Training set	MGYS00002659
Training set	MGYS00002660
Training set	MGYS00002661
Training set	MGYS00002663
Training set	MGYS00002664
Training set	MGYS00002665
Training set	MGYS00002666
Training set	MGYS00002668
Training set	MGYS00002669
Training set	MGYS00002670
Training set	MGYS00002671
Training set	MGYS00002672
Training set	MGYS00002678
Training set	MGYS00002680
Training set	MGYS00002684
Training set	MGYS00002708
Training set	MGYS00002710
Training set	MGYS00002713
Training set	MGYS00002714
Training set	MGYS00002723
Training set	MGYS00002724
Training set	MGYS00002725
Training set	MGYS00002734
Training set	MGYS00002735
Training set	MGYS00002736
Training set	MGYS00002763
Training set	MGYS00002764
Training set	MGYS00002765
Training set	MGYS00002766
Training set	MGYS00002768
Training set	MGYS00002769
Training set	MGYS00002770
Training set	MGYS00002771
Training set	MGYS00002772
Training set	MGYS00002773
Training set	MGYS00002774
Training set	MGYS00002775
Training set	MGYS00002777
Training set	MGYS00002778
Training set	MGYS00002781
Training set	MGYS00002782
Training set	MGYS00002783
Training set	MGYS00002784
Training set	MGYS00002785
Training set	MGYS00002786
Training set	MGYS00002788
Training set	MGYS00002807
Training set	MGYS00002808
Training set	MGYS00002809
Training set	MGYS00002810
Training set	MGYS00002811
Training set	MGYS00002812
Training set	MGYS00002813
Training set	MGYS00002814
Training set	MGYS00002815
Training set	MGYS00002816
Training set	MGYS00002817
Training set	MGYS00002818
Training set	MGYS00002819
Training set	MGYS00002820
Training set	MGYS00002821
Training set	MGYS00002837
Training set	MGYS00002838
Training set	MGYS00002840
Training set	MGYS00002841
Training set	MGYS00002842
Training set	MGYS00002843
Training set	MGYS00002848
Training set	MGYS00002849
Training set	MGYS00002882
Training set	MGYS00002883
Training set	MGYS00002884
Training set	MGYS00002885
Training set	MGYS00002886
Training set	MGYS00002887
Training set	MGYS00002888
Training set	MGYS00002889
Training set	MGYS00002890
Training set	MGYS00002891
Training set	MGYS00002892
Training set	MGYS00002893
Training set	MGYS00002894
Training set	MGYS00002895
Training set	MGYS00002896
Training set	MGYS00002905
Training set	MGYS00002936
Training set	MGYS00002937
Training set	MGYS00002939
Training set	MGYS00002940
Training set	MGYS00002943
Training set	MGYS00002944
Training set	MGYS00002945
Training set	MGYS00002946
Training set	MGYS00002947
Training set	MGYS00002948
Training set	MGYS00002949
Training set	MGYS00002950
Training set	MGYS00002951
Training set	MGYS00002952
Training set	MGYS00002953
Training set	MGYS00002955
Training set	MGYS00002956
Training set	MGYS00002957
Training set	MGYS00002958
Training set	MGYS00002959
Training set	MGYS00002960
Training set	MGYS00002996
Training set	MGYS00002997
Training set	MGYS00003000
Training set	MGYS00003001
Training set	MGYS00003002
Training set	MGYS00003003
Training set	MGYS00003004
Training set	MGYS00003005
Training set	MGYS00003006
Training set	MGYS00003007
Training set	MGYS00003008
Training set	MGYS00003009
Training set	MGYS00003010
Training set	MGYS00003011
Training set	MGYS00003012
Training set	MGYS00003013
Training set	MGYS00003015
Training set	MGYS00003016
Training set	MGYS00003017
Training set	MGYS00003018
Training set	MGYS00003019
Training set	MGYS00003068
Training set	MGYS00003069
Training set	MGYS00003070
Training set	MGYS00003072
Training set	MGYS00003073
Training set	MGYS00003074
Training set	MGYS00003075
Training set	MGYS00003077
Training set	MGYS00003078
Training set	MGYS00003079
Training set	MGYS00003080
Training set	MGYS00003081
Training set	MGYS00003082
Training set	MGYS00003083
Training set	MGYS00003084
Training set	MGYS00003085
Training set	MGYS00003086
Training set	MGYS00003087
Training set	MGYS00003088
Training set	MGYS00003089
Training set	MGYS00003090
Training set	MGYS00003091
Training set	MGYS00003115
Training set	MGYS00003116
Training set	MGYS00003117
Training set	MGYS00003118
Training set	MGYS00003119
Training set	MGYS00003120
Training set	MGYS00003121
Training set	MGYS00003122
Training set	MGYS00003124
Training set	MGYS00003125
Training set	MGYS00003126
Training set	MGYS00003127
Training set	MGYS00003128
Training set	MGYS00003129
Training set	MGYS00003130
Training set	MGYS00003131
Training set	MGYS00003133
Training set	MGYS00003164
Training set	MGYS00003165
Training set	MGYS00003167
Training set	MGYS00003168
Training set	MGYS00003169
Training set	MGYS00003170
Training set	MGYS00003171
Training set	MGYS00003173
Training set	MGYS00003174
Training set	MGYS00003175
Training set	MGYS00003184
Training set	MGYS00003194
Training set	MGYS00003196
Training set	MGYS00003202
Training set	MGYS00003205
Training set	MGYS00003206
Training set	MGYS00003207
Training set	MGYS00003208
Training set	MGYS00003209
Training set	MGYS00003210
Training set	MGYS00003211
Training set	MGYS00003212
Training set	MGYS00003213
Training set	MGYS00003214
Training set	MGYS00003215
Training set	MGYS00003216
Training set	MGYS00003217
Training set	MGYS00003218
Training set	MGYS00003219
Training set	MGYS00003220
Training set	MGYS00003221
Training set	MGYS00003222
Training set	MGYS00003223
Training set	MGYS00003224
Training set	MGYS00003225
Training set	MGYS00003226
Training set	MGYS00003227
Training set	MGYS00003228
Training set	MGYS00003229
Training set	MGYS00003230
Training set	MGYS00003231
Training set	MGYS00003232
Training set	MGYS00003233
Training set	MGYS00003234
Training set	MGYS00003235
Training set	MGYS00003236
Training set	MGYS00003237
Training set	MGYS00003238
Training set	MGYS00003239
Training set	MGYS00003241
Training set	MGYS00003242
Training set	MGYS00003243
Training set	MGYS00003244
Training set	MGYS00003245
Training set	MGYS00003246
Training set	MGYS00003247
Training set	MGYS00003248
Training set	MGYS00003249
Training set	MGYS00003250
Training set	MGYS00003251
Training set	MGYS00003252
Training set	MGYS00003253
Training set	MGYS00003254
Training set	MGYS00003255
Training set	MGYS00003256
Training set	MGYS00003257
Training set	MGYS00003258
Training set	MGYS00003259
Training set	MGYS00003260
Training set	MGYS00003261
Training set	MGYS00003262
Training set	MGYS00003263
Training set	MGYS00003264
Training set	MGYS00003265
Training set	MGYS00003268
Training set	MGYS00003269
Training set	MGYS00003270
Training set	MGYS00003271
Training set	MGYS00003272
Training set	MGYS00003273
Training set	MGYS00003274
Training set	MGYS00003275
Training set	MGYS00003276
Training set	MGYS00003277
Training set	MGYS00003278
Training set	MGYS00003279
Training set	MGYS00003280
Training set	MGYS00003281
Training set	MGYS00003282
Training set	MGYS00003283
Training set	MGYS00003284
Training set	MGYS00003285
Training set	MGYS00003286
Training set	MGYS00003287
Training set	MGYS00003288
Training set	MGYS00003289
Training set	MGYS00003290
Training set	MGYS00003291
Training set	MGYS00003292
Training set	MGYS00003293
Training set	MGYS00003294
Training set	MGYS00003295
Training set	MGYS00003296
Training set	MGYS00003297
Training set	MGYS00003298
Training set	MGYS00003299
Training set	MGYS00003300
Training set	MGYS00003301
Training set	MGYS00003302
Training set	MGYS00003303
Training set	MGYS00003304
Training set	MGYS00003305
Training set	MGYS00003306
Training set	MGYS00003307
Training set	MGYS00003308
Training set	MGYS00003309
Training set	MGYS00003310
Training set	MGYS00003311
Training set	MGYS00003312
Training set	MGYS00003313
Training set	MGYS00003314
Training set	MGYS00003315
Training set	MGYS00003316
Training set	MGYS00003318
Training set	MGYS00003319
Training set	MGYS00003320
Training set	MGYS00003321
Training set	MGYS00003322
Training set	MGYS00003323
Training set	MGYS00003324
Training set	MGYS00003326
Training set	MGYS00003327
Training set	MGYS00003333
Training set	MGYS00003334
Training set	MGYS00003335
Training set	MGYS00003336
Training set	MGYS00003337
Training set	MGYS00003339
Training set	MGYS00003340
Training set	MGYS00003342
Training set	MGYS00003344
Training set	MGYS00003345
Training set	MGYS00003347
Training set	MGYS00003348
Training set	MGYS00003349
Training set	MGYS00003350
Training set	MGYS00003351
Training set	MGYS00003352
Training set	MGYS00003353
Training set	MGYS00003354
Training set	MGYS00003355
Training set	MGYS00003356
Training set	MGYS00003357
Training set	MGYS00003358
Training set	MGYS00003359
Training set	MGYS00003360
Training set	MGYS00003361
Training set	MGYS00003362
Training set	MGYS00003363
Training set	MGYS00003364
Training set	MGYS00003365
Training set	MGYS00003366
Training set	MGYS00003368
Training set	MGYS00003369
Training set	MGYS00003370
Training set	MGYS00003371
Training set	MGYS00003386
Training set	MGYS00003391
Training set	MGYS00003392
Training set	MGYS00003393
Training set	MGYS00003394
Training set	MGYS00003397
Training set	MGYS00003398
Training set	MGYS00003399
Training set	MGYS00003400
Training set	MGYS00003401
Training set	MGYS00003402
Training set	MGYS00003403
Training set	MGYS00003404
Training set	MGYS00003405
Training set	MGYS00003406
Training set	MGYS00003407
Training set	MGYS00003408
Training set	MGYS00003409
Training set	MGYS00003461
Training set	MGYS00003462
Training set	MGYS00003464
Training set	MGYS00003465
Training set	MGYS00003517
Training set	MGYS00003519
Training set	MGYS00003523
Training set	MGYS00003524
Training set	MGYS00003525
Training set	MGYS00003526
Training set	MGYS00003527
Training set	MGYS00003534
Training set	MGYS00003535
Training set	MGYS00003536
Training set	MGYS00003537
Training set	MGYS00003538
Training set	MGYS00003539
Training set	MGYS00003540
Training set	MGYS00003541
Training set	MGYS00003542
Training set	MGYS00003543
Training set	MGYS00003544
Training set	MGYS00003545
Training set	MGYS00003546
Training set	MGYS00003547
Training set	MGYS00003548
Training set	MGYS00003549
Training set	MGYS00003550
Training set	MGYS00003551
Training set	MGYS00003552
Training set	MGYS00003553
Training set	MGYS00003554
Training set	MGYS00003555
Training set	MGYS00003556
Training set	MGYS00003557
Training set	MGYS00003558
Training set	MGYS00003559
Training set	MGYS00003560
Training set	MGYS00003561
Training set	MGYS00003562
Training set	MGYS00003563
Training set	MGYS00003564
Training set	MGYS00003566
Training set	MGYS00003567
Training set	MGYS00003568
Training set	MGYS00003569
Training set	MGYS00003570
Training set	MGYS00003571
Training set	MGYS00003572
Training set	MGYS00003573
Training set	MGYS00003574
Training set	MGYS00003578
Training set	MGYS00003579
Training set	MGYS00003582
Training set	MGYS00003583
Training set	MGYS00003584
Training set	MGYS00003585
Training set	MGYS00003586
Training set	MGYS00003587
Training set	MGYS00003600
Training set	MGYS00003601
Training set	MGYS00003954
Training set	MGYS00004030
Training set	MGYS00004088
Training set	MGYS00004330
Training set	MGYS00004387
Training set	MGYS00004523
Training set	MGYS00004547
Training set	MGYS00004601
Training set	MGYS00004667
Training set	MGYS00004872
Training set	MGYS00005320
Training set	MGYS00005352
Training set	MGYS00005415
Training set	MGYS00005667
Training set	MGYS00005668
Training set	MGYS00005787
Training set	MGYS00005810
Training set	MGYS00006074
Training set	MGYS00006075
